Date,AAPL,AMZN,FB,GOOG,MSFT
2016-01-01,105.26,675.89,104.66,758.88,55.48
2016-01-04,105.35,636.99,102.22,741.84,54.8
2016-01-05,102.71,633.79,102.73,742.58,55.05
2016-01-06,100.7,632.65,102.97,743.62,54.05
2016-01-07,96.45,607.94,97.92,726.39,52.17
2016-01-08,96.96,607.05,97.33,714.47,52.33
2016-01-11,98.53,617.74,97.51,716.03,52.3
2016-01-12,99.96,617.89,99.37,726.07,52.78
2016-01-13,97.39,581.81,95.44,700.56,51.64
2016-01-14,99.52,593.0,98.37,714.72,53.11
2016-01-15,97.13,570.18,94.97,694.45,50.99
2016-01-18,97.13,570.18,94.97,694.45,50.99
2016-01-19,96.66,574.48,95.26,701.79,50.56
2016-01-20,96.79,571.77,94.35,698.45,50.79
2016-01-21,96.3,575.02,94.16,706.59,50.48
2016-01-22,101.42,596.38,97.94,725.25,52.29
2016-01-25,99.44,596.53,97.01,711.67,51.79
2016-01-26,99.99,601.25,97.34,713.04,52.17
2016-01-27,93.42,583.35,94.45,699.99,51.22
2016-01-28,94.09,635.35,109.11,730.96,52.055
2016-01-29,97.34,587.0,112.21,742.95,55.09
2016-02-01,96.43,574.81,115.09,752.0,54.71
2016-02-02,94.48,552.1,114.61,764.65,53.0
2016-02-03,96.35,531.07,112.69,726.95,52.16
2016-02-04,96.6,536.26,110.49,708.01,52.0
2016-02-05,94.02,502.13,104.07,683.57,50.16
2016-02-08,95.01,488.1,99.75,682.74,49.41
2016-02-09,94.99,482.07,99.54,678.11,49.28
2016-02-10,94.27,490.48,101.0,684.12,49.71
2016-02-11,93.7,503.82,101.91,683.11,49.69
2016-02-12,93.99,507.08,102.01,682.4,50.5
2016-02-15,93.99,507.08,102.01,682.4,50.5
2016-02-16,96.64,521.1,101.61,691.0,51.09
2016-02-17,98.12,534.1,105.2,708.4,52.42
2016-02-18,96.26,525.0,103.47,697.35,52.19
2016-02-19,96.04,534.9,104.57,700.91,51.82
2016-02-22,96.88,559.5,107.16,706.46,52.65
2016-02-23,94.69,552.94,105.46,695.85,51.18
2016-02-24,96.1,554.04,106.88,699.56,51.36
2016-02-25,96.76,555.15,108.07,705.75,52.1
2016-02-26,96.91,555.23,107.92,705.07,51.3
2016-02-29,96.69,552.52,106.92,697.77,50.88
2016-03-01,100.53,579.04,109.82,718.81,52.58
2016-03-02,100.75,580.21,109.95,718.85,52.95
2016-03-03,101.5,577.49,109.58,712.42,52.35
2016-03-04,103.01,575.14,108.39,710.89,52.03
2016-03-07,101.87,562.8,105.73,695.16,51.03
2016-03-08,101.03,560.26,105.93,693.97,51.65
2016-03-09,101.12,559.47,107.51,705.24,52.84
2016-03-10,101.17,558.93,107.32,712.82,52.05
2016-03-11,102.26,569.61,109.41,726.82,53.07
2016-03-14,102.52,573.37,109.89,730.49,53.17
2016-03-15,104.58,577.02,110.67,728.33,53.59
2016-03-16,105.97,574.27,112.18,736.09,54.35
2016-03-17,105.8,559.44,111.02,737.78,54.66
2016-03-18,105.92,552.08,111.45,737.6,53.49
2016-03-21,105.91,553.98,111.85,742.09,53.86
2016-03-22,106.72,560.48,112.25,740.75,54.07
2016-03-23,106.13,569.63,112.54,738.06,53.97
2016-03-24,105.67,582.95,113.05,735.3,54.21
2016-03-25,105.67,582.95,113.05,735.3,54.21
2016-03-28,105.19,579.87,113.69,733.53,53.54
2016-03-29,107.68,593.86,116.14,744.77,54.71
2016-03-30,109.56,598.69,114.7,750.53,55.05
2016-03-31,108.99,593.64,114.1,744.95,55.23
2016-04-01,109.99,598.5,116.06,749.91,55.57
2016-04-04,111.12,593.19,112.55,745.29,55.43
2016-04-05,109.81,586.14,112.22,737.8,54.56
2016-04-06,110.96,602.08,113.71,745.69,55.12
2016-04-07,108.54,591.43,113.64,740.28,54.46
2016-04-08,108.66,594.6,110.63,739.15,54.42
2016-04-11,109.02,595.93,108.99,736.1,54.31
2016-04-12,110.44,603.17,110.61,743.09,54.65
2016-04-13,112.04,614.82,110.51,751.72,55.35
2016-04-14,112.1,620.75,110.84,753.2,55.36
2016-04-15,109.85,625.89,109.64,759.0,55.65
2016-04-18,107.48,635.35,110.45,766.61,56.46
2016-04-19,106.91,627.9,112.29,753.93,56.39
2016-04-20,107.13,632.99,112.42,752.67,55.59
2016-04-21,105.97,631.0,113.44,759.14,55.78
2016-04-22,105.68,620.5,110.56,718.77,51.78
2016-04-25,105.08,626.2,110.1,723.15,52.11
2016-04-26,104.35,616.88,108.76,708.14,51.44
2016-04-27,97.82,606.57,108.89,705.84,50.94
2016-04-28,94.83,602.0,116.73,691.02,49.9
2016-04-29,93.74,659.59,117.58,693.01,49.87
2016-05-02,93.64,683.85,118.57,698.21,50.61
2016-05-03,95.18,671.32,117.43,692.36,49.78
2016-05-04,94.19,670.9,118.06,695.7,49.87
2016-05-05,93.24,659.09,117.81,701.43,49.94
2016-05-06,92.72,673.95,119.49,711.12,50.39
2016-05-09,92.79,679.75,119.24,712.9,50.07
2016-05-10,93.42,703.07,120.5,723.18,51.02
2016-05-11,92.51,713.23,119.52,715.29,51.05
2016-05-12,90.34,717.93,120.28,713.31,51.51
2016-05-13,90.52,709.92,119.81,710.83,51.08
2016-05-16,93.88,710.66,118.67,716.49,51.83
2016-05-17,93.49,695.27,117.35,706.23,50.51
2016-05-18,94.56,697.45,117.65,706.63,50.81
2016-05-19,94.2,698.52,116.81,700.32,50.32
2016-05-20,95.22,702.8,117.35,709.74,50.62
2016-05-23,96.43,696.75,115.97,704.24,50.03
2016-05-24,97.9,704.2,117.7,720.09,51.59
2016-05-25,99.62,708.35,117.89,725.27,52.12
2016-05-26,100.41,714.91,119.47,724.12,51.89
2016-05-27,100.35,712.24,119.38,732.66,52.32
2016-05-30,100.35,712.24,119.38,732.66,52.32
2016-05-31,99.86,722.79,118.81,735.72,53.0
2016-06-01,98.46,719.44,118.78,734.15,52.85
2016-06-02,97.72,728.24,118.93,730.4,52.48
2016-06-03,97.92,725.54,118.47,722.34,51.79
2016-06-06,98.63,726.73,118.79,716.55,52.13
2016-06-07,99.03,723.74,117.76,716.65,52.1
2016-06-08,98.94,726.64,118.39,728.28,52.04
2016-06-09,99.65,727.65,118.56,728.58,51.62
2016-06-10,98.83,717.91,116.62,719.41,51.48
2016-06-13,97.34,715.24,113.95,718.36,50.14
2016-06-14,97.46,719.3,114.94,718.27,49.83
2016-06-15,97.14,714.26,114.6,718.92,49.69
2016-06-16,97.55,717.51,114.39,710.36,50.39
2016-06-17,95.33,706.39,113.02,691.72,50.13
2016-06-20,95.1,714.01,113.37,693.71,50.07
2016-06-21,95.91,715.82,114.38,695.94,51.19
2016-06-22,95.55,710.6,113.91,697.46,50.99
2016-06-23,96.1,722.08,115.08,701.87,51.91
2016-06-24,93.4,698.96,112.08,675.22,49.83
2016-06-27,92.04,691.36,108.97,668.26,48.43
2016-06-28,93.59,707.95,112.7,680.04,49.44
2016-06-29,94.4,715.6,114.16,684.11,50.54
2016-06-30,95.6,715.62,114.28,692.1,51.17
2016-07-01,95.89,725.68,114.19,699.21,51.16
2016-07-04,95.89,725.68,114.19,699.21,51.16
2016-07-05,94.99,728.1,114.0,694.49,51.17
2016-07-06,95.53,737.61,116.7,697.77,51.38
2016-07-07,95.94,736.57,115.85,695.36,51.38
2016-07-08,96.68,745.81,117.24,705.63,52.3
2016-07-11,96.98,753.78,117.87,715.09,52.59
2016-07-12,97.42,748.21,117.93,720.64,53.21
2016-07-13,96.87,742.63,116.78,716.98,53.51
2016-07-14,98.79,741.2,117.29,720.95,53.74
2016-07-15,98.78,735.44,116.86,719.85,53.7
2016-07-18,99.83,736.07,119.37,733.78,53.96
2016-07-19,99.87,739.95,120.61,736.96,53.09
2016-07-20,99.96,745.72,121.92,741.19,55.91
2016-07-21,99.43,744.43,120.61,738.63,55.8
2016-07-22,98.66,744.86,121.0,742.74,56.57
2016-07-25,97.34,739.61,121.63,739.77,56.73
2016-07-26,96.67,735.59,121.22,738.42,56.76
2016-07-27,102.95,736.67,123.34,741.77,56.19
2016-07-28,104.34,752.61,125.0,745.91,56.21
2016-07-29,104.21,758.81,123.94,768.79,56.68
2016-08-01,106.05,767.74,124.31,772.88,56.58
2016-08-02,104.48,760.58,123.09,771.07,56.58
2016-08-03,105.79,754.64,122.51,773.18,56.97
2016-08-04,105.87,760.77,124.36,771.61,57.39
2016-08-05,107.48,765.98,125.15,782.22,57.96
2016-08-08,108.37,766.56,125.26,781.76,58.06
2016-08-09,108.81,768.31,125.06,784.26,58.2
2016-08-10,108.0,768.56,124.88,784.68,58.02
2016-08-11,107.93,771.24,124.9,784.85,58.3
2016-08-12,108.18,772.56,124.88,783.22,57.94
2016-08-15,109.48,768.49,123.9,782.44,58.12
2016-08-16,109.38,764.04,123.3,777.14,57.44
2016-08-17,109.22,764.63,124.37,779.91,57.56
2016-08-18,109.08,764.46,123.91,777.5,57.6
2016-08-19,109.36,757.31,123.56,775.42,57.62
2016-08-22,108.51,759.48,124.15,772.15,57.67
2016-08-23,108.85,762.45,124.37,772.08,57.89
2016-08-24,108.03,757.25,123.48,769.64,57.95
2016-08-25,107.57,759.22,123.89,769.41,58.17
2016-08-26,106.94,769.0,124.96,769.54,58.03
2016-08-29,106.82,771.29,126.54,772.15,58.1
2016-08-30,106.0,767.58,125.84,769.09,57.89
2016-08-31,106.1,769.16,126.12,767.05,57.46
2016-09-01,106.73,770.62,126.17,768.78,57.59
2016-09-02,107.73,772.44,126.51,771.46,57.67
2016-09-05,107.73,772.44,126.51,771.46,57.67
2016-09-06,107.7,788.87,129.73,780.08,57.61
2016-09-07,108.36,784.48,131.05,780.35,57.66
2016-09-08,105.52,784.06,130.27,775.32,57.43
2016-09-09,103.13,760.14,127.1,759.66,56.21
2016-09-12,105.44,771.49,128.69,769.02,57.05
2016-09-13,107.95,761.01,127.21,759.69,56.53
2016-09-14,111.77,761.09,127.77,762.49,56.26
2016-09-15,115.57,769.69,128.35,771.76,57.19
2016-09-16,114.92,778.52,129.07,768.88,57.25
2016-09-19,113.58,775.1,128.65,765.7,56.93
2016-09-20,113.57,780.22,128.64,771.41,56.81
2016-09-21,113.55,789.74,129.94,776.22,57.76
2016-09-22,114.62,804.7,130.08,787.21,57.82
2016-09-23,112.71,805.75,127.96,786.9,57.43
2016-09-26,112.88,799.16,127.31,774.21,56.9
2016-09-27,113.09,816.11,128.69,783.01,57.95
2016-09-28,113.95,828.72,129.23,781.56,58.03
2016-09-29,112.18,829.05,128.09,775.01,57.4
2016-09-30,113.05,837.31,128.27,777.29,57.6
2016-10-03,112.52,836.74,128.77,772.56,57.42
2016-10-04,113.0,834.03,128.19,776.43,57.24
2016-10-05,113.05,844.36,128.47,776.47,57.64
2016-10-06,113.89,841.66,128.74,776.86,57.74
2016-10-07,114.06,839.43,128.99,775.08,57.8
2016-10-10,116.05,841.71,130.24,785.94,58.04
2016-10-11,116.3,831.0,128.88,783.07,57.19
2016-10-12,117.34,834.09,129.05,786.14,57.11
2016-10-13,116.98,829.28,127.82,778.19,56.92
2016-10-14,117.63,822.96,127.88,778.53,57.42
2016-10-17,117.55,812.95,127.54,779.96,57.22
2016-10-18,117.47,817.65,128.57,795.26,57.66
2016-10-19,117.12,817.69,130.11,801.56,57.53
2016-10-20,117.06,810.32,130.0,796.97,57.25
2016-10-21,116.6,818.99,132.07,799.37,59.66
2016-10-24,117.65,838.09,133.28,813.11,61.0
2016-10-25,118.25,835.18,132.29,807.67,60.99
2016-10-26,115.59,822.59,131.04,799.07,60.63
2016-10-27,114.48,818.36,129.69,795.35,60.1
2016-10-28,113.72,776.32,131.29,795.37,59.87
2016-10-31,113.54,789.82,130.99,784.54,59.92
2016-11-01,111.49,785.41,129.5,783.61,59.8
2016-11-02,111.59,765.56,127.17,768.7,59.43
2016-11-03,109.83,767.03,120.0,762.13,59.21
2016-11-04,108.84,755.05,120.75,762.02,58.71
2016-11-07,110.41,784.93,122.15,782.52,60.42
2016-11-08,111.06,787.75,124.22,790.51,60.47
2016-11-09,110.88,771.88,123.18,785.31,60.17
2016-11-10,107.79,742.38,120.8,762.56,58.7
2016-11-11,108.43,739.01,119.02,754.02,59.02
2016-11-14,105.71,719.07,115.08,736.08,58.12
2016-11-15,107.11,743.24,117.2,758.49,58.87
2016-11-16,109.99,746.49,116.34,764.48,59.65
2016-11-17,109.95,756.4,117.79,771.23,60.64
2016-11-18,110.06,760.16,117.02,760.54,60.35
2016-11-21,111.73,780.0,121.77,769.2,60.86
2016-11-22,111.8,785.33,121.47,768.27,61.12
2016-11-23,111.23,780.12,120.84,760.99,60.4
2016-11-24,111.23,780.12,120.84,760.99,60.4
2016-11-25,111.79,780.37,120.38,761.68,60.53
2016-11-28,111.57,766.77,120.41,768.24,60.61
2016-11-29,111.46,762.52,120.87,770.84,61.09
2016-11-30,110.52,750.57,118.42,758.04,60.26
2016-12-01,109.49,743.65,115.1,747.92,59.2
2016-12-02,109.9,740.34,115.4,750.5,59.25
2016-12-05,109.11,759.36,117.43,762.52,60.22
2016-12-06,109.95,764.72,117.31,759.11,59.95
2016-12-07,111.03,770.42,117.95,771.19,61.37
2016-12-08,112.12,767.33,118.91,776.42,61.01
2016-12-09,113.95,768.66,119.68,789.29,61.97
2016-12-12,113.3,760.12,117.77,789.27,62.17
2016-12-13,115.19,774.34,120.31,796.1,62.98
2016-12-14,115.19,768.82,120.21,797.07,62.68
2016-12-15,115.82,761.0,120.57,797.85,62.58
2016-12-16,115.97,757.77,119.87,790.8,62.3
2016-12-19,116.64,766.0,119.24,794.2,63.62
2016-12-20,116.95,771.22,119.09,796.42,63.54
2016-12-21,117.06,770.6,119.04,794.56,63.54
2016-12-22,116.29,766.34,117.4,791.26,63.55
2016-12-23,116.52,760.59,117.27,789.91,63.24
2016-12-26,116.52,760.59,117.27,789.91,63.24
2016-12-27,117.26,771.4,118.01,791.55,63.28
2016-12-28,116.76,772.13,116.92,785.05,62.99
2016-12-29,116.73,765.15,116.35,782.79,62.9
2016-12-30,115.82,749.87,115.05,771.82,62.14
2017-01-02,115.82,749.87,115.05,771.82,62.14
2017-01-03,116.15,753.67,116.86,786.14,62.58
2017-01-04,116.02,757.18,118.69,786.9,62.3
2017-01-05,116.61,780.45,120.67,794.02,62.3
2017-01-06,117.91,795.99,123.41,806.15,62.84
2017-01-09,118.99,796.92,124.9,806.65,62.64
2017-01-10,119.11,795.9,124.35,804.79,62.62
2017-01-11,119.75,799.02,126.09,807.91,63.19
2017-01-12,119.25,813.64,126.62,806.36,62.61
2017-01-13,119.04,817.14,128.34,807.88,62.7
2017-01-16,119.04,817.14,128.34,807.88,62.7
2017-01-17,120.0,809.72,127.87,804.61,62.53
2017-01-18,119.99,807.48,127.92,806.07,62.5
2017-01-19,119.78,809.04,127.55,802.175,62.3
2017-01-20,120.0,808.33,127.04,805.02,62.74
2017-01-23,120.08,817.88,128.93,819.31,62.96
2017-01-24,119.97,822.44,129.37,823.87,63.52
2017-01-25,121.88,836.52,131.48,835.67,63.68
2017-01-26,121.94,839.15,132.78,832.15,64.27
2017-01-27,121.95,835.77,132.18,823.31,65.78
2017-01-30,121.63,830.38,130.98,802.32,65.13
2017-01-31,121.35,823.48,130.32,796.79,64.65
2017-02-01,128.75,832.35,133.23,795.695,63.58
2017-02-02,128.53,839.95,130.84,798.53,63.17
2017-02-03,129.08,810.2,130.98,801.49,63.68
2017-02-06,130.29,807.64,132.06,801.34,63.64
2017-02-07,131.53,812.5,131.84,806.97,63.43
2017-02-08,132.04,819.71,134.2,808.38,63.34
2017-02-09,132.42,821.36,134.14,809.56,64.06
2017-02-10,132.12,827.46,134.19,813.67,64.0
2017-02-13,133.29,836.53,134.05,819.24,64.72
2017-02-14,135.02,836.39,133.85,820.45,64.57
2017-02-15,135.51,842.7,133.44,818.98,64.53
2017-02-16,135.345,844.14,133.84,824.16,64.52
2017-02-17,135.72,845.07,133.53,828.07,64.62
2017-02-20,135.72,845.07,133.53,828.07,64.62
2017-02-21,136.7,856.44,133.72,831.66,64.49
2017-02-22,137.11,855.61,136.12,830.76,64.36
2017-02-23,136.53,852.19,135.36,831.33,64.62
2017-02-24,136.66,845.24,135.44,828.64,64.62
2017-02-27,136.93,848.64,136.41,829.28,64.23
2017-02-28,136.99,845.04,135.54,823.21,63.98
2017-03-01,139.79,853.08,137.42,835.24,64.94
2017-03-02,138.96,848.91,136.76,830.63,64.01
2017-03-03,139.78,849.88,137.17,829.08,64.25
2017-03-06,139.34,846.61,137.42,827.78,64.27
2017-03-07,139.52,846.02,137.3,831.91,64.4
2017-03-08,139.0,850.5,137.72,835.37,64.99
2017-03-09,138.68,853.0,138.24,838.68,64.73
2017-03-10,139.14,852.46,138.79,843.25,64.93
2017-03-13,139.2,854.59,139.6,845.54,64.71
2017-03-14,138.99,852.53,139.32,845.62,64.41
2017-03-15,140.46,852.97,139.72,847.2,64.75
2017-03-16,140.69,853.42,139.99,848.78,64.64
2017-03-17,139.99,852.31,139.84,852.12,64.87
2017-03-20,141.46,856.97,139.94,848.4,64.93
2017-03-21,139.84,843.2,138.51,830.46,64.21
2017-03-22,141.42,848.06,139.59,829.59,65.03
2017-03-23,140.92,847.38,139.53,817.58,64.87
2017-03-24,140.64,845.61,140.34,814.43,64.98
2017-03-27,140.88,846.82,140.32,819.51,65.1
2017-03-28,143.8,856.0,141.76,820.92,65.29
2017-03-29,144.12,874.32,142.65,831.41,65.47
2017-03-30,143.93,876.34,142.41,831.5,65.71
2017-03-31,143.66,886.54,142.05,829.56,65.86
2017-04-03,143.7,891.51,142.28,838.55,65.55
2017-04-04,144.77,906.83,141.73,834.57,65.73
2017-04-05,144.02,909.28,141.85,831.41,65.56
2017-04-06,143.66,898.28,141.17,827.88,65.73
2017-04-07,143.34,894.88,140.78,824.67,65.68
2017-04-10,143.17,907.04,141.04,824.73,65.53
2017-04-11,141.63,902.36,139.92,823.35,65.48
2017-04-12,141.8,896.23,139.58,824.32,65.23
2017-04-13,141.05,884.67,139.39,823.56,64.95
2017-04-14,141.05,884.67,139.39,823.56,64.95
2017-04-17,141.83,901.99,141.42,837.17,65.48
2017-04-18,141.2,903.78,140.96,836.82,65.39
2017-04-19,140.68,899.2,142.27,838.21,65.04
2017-04-20,142.44,902.06,143.8,841.65,65.5
2017-04-21,142.27,898.53,143.68,843.19,66.4
2017-04-24,143.64,907.41,145.47,862.76,67.53
2017-04-25,144.53,907.62,146.49,872.3,67.92
2017-04-26,143.68,909.29,146.56,871.73,67.83
2017-04-27,143.79,918.38,147.7,874.25,68.27
2017-04-28,143.65,924.99,150.25,905.96,68.46
2017-05-01,146.58,948.23,152.46,912.57,69.41
2017-05-02,147.51,946.94,152.78,916.44,69.3
2017-05-03,147.06,941.03,151.8,927.04,69.08
2017-05-04,146.53,937.53,150.85,931.66,68.81
2017-05-05,148.96,934.15,150.24,927.13,69.0
2017-05-08,153.01,949.04,151.06,934.3,68.94
2017-05-09,153.99,952.82,150.48,932.17,69.04
2017-05-10,153.26,948.95,150.29,928.78,69.31
2017-05-11,153.95,947.62,150.04,930.6,68.46
2017-05-12,156.1,961.35,150.33,932.22,68.38
2017-05-15,155.7,957.97,150.19,937.08,68.43
2017-05-16,155.47,966.07,149.78,943.0,69.41
2017-05-17,150.25,944.76,144.85,919.62,67.48
2017-05-18,152.54,958.49,147.66,930.24,67.71
2017-05-19,153.06,959.84,148.06,934.01,67.69
2017-05-22,153.99,970.67,148.24,941.86,68.45
2017-05-23,153.8,971.54,148.07,948.82,68.68
2017-05-24,153.34,980.35,150.04,954.96,68.77
2017-05-25,153.87,993.38,151.96,969.54,69.62
2017-05-26,153.61,995.78,152.13,971.47,69.96
2017-05-29,153.61,995.78,152.13,971.47,69.96
2017-05-30,153.67,996.7,152.38,975.88,70.41
2017-05-31,152.76,994.62,151.46,964.86,69.84
2017-06-01,153.18,995.95,151.53,966.95,70.1
2017-06-02,155.45,1006.73,153.61,975.6,71.76
2017-06-05,153.93,1011.34,153.63,983.68,72.28
2017-06-06,154.45,1003.0,152.81,976.57,72.52
2017-06-07,155.37,1010.07,153.12,981.08,72.39
2017-06-08,154.99,1010.27,154.71,983.41,71.95
2017-06-09,148.98,978.31,149.6,949.83,70.32
2017-06-12,145.42,964.91,148.44,942.9,69.78
2017-06-13,146.59,980.79,150.68,953.4,70.65
2017-06-14,145.16,976.47,150.25,950.76,70.27
2017-06-15,144.29,964.17,149.8,942.31,69.9
2017-06-16,142.27,987.71,150.64,939.78,70.0
2017-06-19,146.34,995.17,152.87,957.37,70.87
2017-06-20,145.01,992.59,152.25,950.63,69.91
2017-06-21,145.87,1002.23,153.91,959.45,70.27
2017-06-22,145.63,1001.3,153.4,957.09,70.26
2017-06-23,146.28,1003.74,155.07,965.59,71.21
2017-06-26,145.82,993.98,153.59,952.27,70.53
2017-06-27,143.73,976.78,150.58,927.33,69.21
2017-06-28,145.83,990.33,153.24,940.49,69.8
2017-06-29,143.68,975.93,151.04,917.79,68.49
2017-06-30,144.02,968.0,150.98,908.73,68.93
2017-07-03,143.5,953.66,148.43,898.7,68.17
2017-07-04,143.5,953.66,148.43,898.7,68.17
2017-07-05,144.09,971.4,150.34,911.71,69.08
2017-07-06,142.73,965.14,148.82,906.69,68.57
2017-07-07,144.18,978.76,151.44,918.59,69.46
2017-07-10,145.06,996.47,153.5,928.8,69.98
2017-07-11,145.53,994.13,155.27,930.09,69.99
2017-07-12,145.74,1006.51,158.9,943.83,71.15
2017-07-13,147.77,1000.63,159.26,947.16,71.77
2017-07-14,149.04,1001.81,159.97,955.99,72.78
2017-07-17,149.56,1010.04,159.73,953.42,73.35
2017-07-18,150.08,1024.45,162.86,965.4,73.3
2017-07-19,151.02,1026.87,164.14,970.89,73.86
2017-07-20,150.34,1028.7,164.53,968.15,74.22
2017-07-21,150.27,1025.67,164.43,972.92,73.79
2017-07-24,152.09,1038.95,166.0,980.34,73.6
2017-07-25,152.74,1039.87,165.28,950.7,74.19
2017-07-26,153.46,1052.8,165.61,947.8,74.05
2017-07-27,150.56,1046.0,170.44,934.09,73.16
2017-07-28,149.5,1020.04,172.45,941.53,73.04
2017-07-31,148.73,987.78,169.25,930.5,72.7
2017-08-01,150.05,996.19,169.86,930.83,72.58
2017-08-02,157.14,995.89,169.3,930.39,72.26
2017-08-03,155.57,986.92,168.59,923.65,72.15
2017-08-04,156.39,987.58,169.62,927.96,72.68
2017-08-07,158.81,992.27,171.98,929.36,72.4
2017-08-08,160.08,989.84,171.23,926.79,72.79
2017-08-09,161.06,982.01,171.18,922.9,72.47
2017-08-10,155.32,956.92,167.4,907.24,71.41
2017-08-11,157.48,967.99,168.08,914.39,72.5
2017-08-14,159.85,983.3,170.75,922.67,73.59
2017-08-15,161.6,982.74,171.0,922.22,73.22
2017-08-16,160.95,978.18,170.0,926.96,73.65
2017-08-17,157.86,960.57,166.91,910.98,72.4
2017-08-18,157.5,958.47,167.41,910.67,72.49
2017-08-21,157.21,953.29,167.78,906.66,72.15
2017-08-22,159.78,966.9,169.64,924.69,73.16
2017-08-23,159.98,958.0,168.71,927.0,72.72
2017-08-24,159.27,952.45,167.74,921.28,72.69
2017-08-25,159.86,945.26,166.32,915.89,72.82
2017-08-28,161.47,946.02,167.24,913.81,72.83
2017-08-29,162.91,954.06,168.05,921.29,73.05
2017-08-30,163.35,967.59,169.92,929.57,74.01
2017-08-31,164.0,980.6,171.97,939.33,74.77
2017-09-01,164.05,978.25,172.02,937.34,73.94
2017-09-04,164.05,978.25,172.02,937.34,73.94
2017-09-05,162.08,965.27,170.72,928.45,73.61
2017-09-06,161.91,967.8,172.09,927.81,73.4
2017-09-07,161.26,979.47,173.21,935.95,74.34
2017-09-08,158.63,965.9,170.95,926.5,73.98
2017-09-11,161.5,977.96,173.51,929.08,74.76
2017-09-12,160.86,982.58,172.96,932.07,74.68
2017-09-13,159.65,999.6,173.05,935.09,75.21
2017-09-14,158.28,992.21,170.96,925.11,74.77
2017-09-15,159.88,986.79,171.64,920.29,75.31
2017-09-18,158.67,974.19,170.01,915.0,75.16
2017-09-19,158.73,969.86,172.52,921.81,75.44
2017-09-20,156.07,973.21,172.17,931.58,74.94
2017-09-21,153.39,964.65,171.11,932.45,74.21
2017-09-22,151.89,955.1,170.54,928.53,74.41
2017-09-25,150.55,939.79,162.87,920.97,73.26
2017-09-26,153.14,938.6,164.21,924.86,73.26
2017-09-27,154.23,950.87,167.68,944.49,73.85
2017-09-28,153.28,956.4,168.73,949.5,73.87
2017-09-29,154.12,961.35,170.87,959.11,74.49
2017-10-02,153.81,959.19,169.47,953.27,74.61
2017-10-03,154.48,957.1,169.96,957.79,74.26
2017-10-04,153.48,965.45,168.42,951.68,74.69
2017-10-05,155.39,980.85,171.24,969.96,75.97
2017-10-06,155.3,989.58,172.23,978.89,76.0
2017-10-09,155.84,990.99,172.5,977.0,76.29
2017-10-10,155.9,987.2,171.59,972.6,76.29
2017-10-11,156.55,995.0,172.74,989.25,76.42
2017-10-12,156.0,1000.93,172.55,987.83,77.12
2017-10-13,156.99,1002.94,173.74,989.68,77.49
2017-10-16,159.88,1006.34,174.52,992.0,77.65
2017-10-17,160.47,1009.13,176.11,992.18,77.59
2017-10-18,159.76,997.0,176.03,992.81,77.61
2017-10-19,155.98,986.61,174.56,984.45,77.91
2017-10-20,156.25,982.91,174.98,988.2,78.81
2017-10-23,156.17,966.3,171.27,968.45,78.83
2017-10-24,157.1,975.9,171.8,970.54,78.86
2017-10-25,156.41,972.91,170.6,973.33,78.63
2017-10-26,157.41,972.43,170.63,972.56,78.76
2017-10-27,163.05,1100.95,177.88,1019.27,83.81
2017-10-30,166.72,1110.85,179.87,1017.11,83.89
2017-10-31,169.04,1105.28,180.06,1016.64,83.18
2017-11-01,166.89,1103.68,182.66,1025.5,83.18
2017-11-02,168.11,1094.22,178.92,1025.58,84.05
2017-11-03,172.5,1111.6,178.92,1032.48,84.14
2017-11-06,174.25,1120.66,180.17,1025.9,84.47
2017-11-07,174.81,1123.17,180.25,1033.33,84.27
2017-11-08,176.24,1132.88,179.56,1039.85,84.56
2017-11-09,175.88,1129.13,179.3,1031.26,84.09
2017-11-10,174.67,1125.35,178.46,1028.07,83.87
2017-11-13,173.97,1129.17,178.77,1025.75,83.93
2017-11-14,171.34,1136.84,178.07,1026.0,84.05
2017-11-15,169.08,1126.69,177.95,1020.91,82.98
2017-11-16,171.1,1137.29,179.59,1032.5,83.2
2017-11-17,170.15,1129.88,179.0,1019.09,82.4
2017-11-20,169.98,1126.31,178.74,1018.38,82.53
2017-11-21,173.14,1139.49,181.86,1034.49,83.72
2017-11-22,174.96,1156.16,180.87,1035.96,83.11
2017-11-23,174.96,1156.16,180.87,1035.96,83.11
2017-11-24,174.97,1186.0,182.78,1040.61,83.26
2017-11-27,174.09,1195.83,183.03,1054.21,83.87
2017-11-28,173.07,1193.6,182.42,1047.41,84.88
2017-11-29,169.48,1161.27,175.13,1021.66,83.34
2017-11-30,171.85,1176.75,177.18,1021.41,84.17
2017-12-01,171.05,1162.35,175.1,1010.17,84.26
2017-12-04,169.8,1133.95,171.47,998.68,81.08
2017-12-05,169.64,1141.57,172.83,1005.15,81.59
2017-12-06,169.01,1152.35,176.06,1018.38,82.78
2017-12-07,169.32,1159.79,180.14,1030.93,82.49
2017-12-08,169.37,1162.0,179.0,1037.05,84.16
2017-12-11,172.67,1168.92,179.04,1041.1,85.23
2017-12-12,171.7,1165.08,176.96,1040.48,85.58
2017-12-13,172.27,1164.13,178.3,1040.61,85.35
2017-12-14,172.22,1174.26,178.39,1049.15,84.69
2017-12-15,173.97,1179.14,180.18,1064.19,86.85
2017-12-18,176.42,1190.58,180.82,1077.14,86.38
2017-12-19,174.54,1187.38,179.51,1070.68,85.83
2017-12-20,174.35,1177.62,177.89,1064.95,85.52
2017-12-21,175.01,1174.76,177.45,1063.63,85.5
2017-12-22,175.01,1168.36,177.2,1060.12,85.51
2017-12-25,175.01,1168.36,177.2,1060.12,85.51
2017-12-26,170.57,1176.76,175.99,1056.74,85.4
2017-12-27,170.6,1182.26,177.62,1049.37,85.71
2017-12-28,171.08,1186.1,177.92,1048.14,85.72
2017-12-29,169.23,1169.47,176.46,1046.4,85.54
2018-01-01,169.23,1169.47,176.46,1046.4,85.54
2018-01-02,172.26,1189.01,181.42,1065.0,85.95
2018-01-03,172.23,1204.2,184.67,1082.48,86.35
2018-01-04,173.03,1209.59,184.33,1086.4,87.11
2018-01-05,175.0,1229.14,186.85,1102.23,88.19
2018-01-08,174.35,1246.87,188.28,1106.94,88.28
2018-01-09,174.33,1252.7,187.87,1106.26,88.22
2018-01-10,174.29,1254.33,187.84,1102.61,87.82
2018-01-11,175.28,1276.68,187.77,1105.52,88.08
2018-01-12,177.09,1305.2,179.37,1122.26,89.6
2018-01-15,177.09,1305.2,179.37,1122.26,89.6
2018-01-16,176.19,1304.86,178.39,1121.76,88.35
2018-01-17,179.1,1295.0,177.6,1131.98,90.14
2018-01-18,179.26,1293.32,179.8,1129.79,90.1
2018-01-19,178.46,1294.58,181.29,1137.51,90.0
2018-01-22,177.0,1327.31,185.37,1155.81,91.61
2018-01-23,177.04,1362.54,189.35,1169.97,91.9
2018-01-24,174.22,1357.51,186.55,1164.24,91.82
2018-01-25,171.11,1377.95,187.48,1170.37,92.33
2018-01-26,171.51,1402.05,190.0,1175.84,94.06
2018-01-29,167.96,1417.68,185.98,1175.58,93.92
2018-01-30,166.97,1437.82,187.12,1163.69,92.74
2018-01-31,167.43,1450.89,186.89,1169.94,95.01
2018-02-01,167.78,1390.0,193.09,1167.7,94.26
2018-02-02,160.5,1429.95,190.28,1111.9,91.78
2018-02-05,156.49,1390.0,181.26,1055.8,88.0
2018-02-06,163.03,1442.84,185.31,1080.6,91.33
2018-02-07,159.54,1416.78,180.18,1048.58,89.61
2018-02-08,155.15,1350.5,171.58,1001.52,85.01
2018-02-09,156.41,1339.6,176.11,1037.78,88.18
2018-02-12,162.71,1386.23,176.41,1051.94,89.13
2018-02-13,164.34,1414.51,173.15,1052.1,89.83
2018-02-14,167.37,1451.05,179.52,1069.7,90.81
2018-02-15,172.99,1461.76,179.96,1089.52,92.66
2018-02-16,172.43,1448.69,177.36,1094.8,92.0
2018-02-19,172.43,1448.69,177.36,1094.8,92.0
2018-02-20,171.85,1468.35,176.01,1102.46,92.72
2018-02-21,171.07,1482.92,177.91,1111.34,91.49
2018-02-22,172.5,1485.34,178.99,1106.63,91.73
2018-02-23,175.5,1500.0,183.29,1126.79,94.06
2018-02-26,178.97,1521.95,184.93,1143.75,95.42
2018-02-27,178.39,1511.98,181.46,1118.29,94.2
2018-02-28,178.12,1512.45,178.32,1104.73,93.77
2018-03-01,175.0,1493.45,175.94,1069.52,92.85
